file,num_seqs,sum_len
A0001_R1.fastq.gz,2659740,398961000
A0001_R2.fastq.gz,2659740,398961000
A0002_R1.fastq.gz,2558888,383833200
A0002_R2.fastq.gz,2558888,383833200
A0003_R1.fastq.gz,2581649,387247350
A0003_R2.fastq.gz,2581649,387247350
A0004_R1.fastq.gz,2682528,402379200
A0004_R2.fastq.gz,2682528,402379200
A0005_R1.fastq.gz,2593120,388968000
A0005_R2.fastq.gz,2593120,388968000
A0006_R1.fastq.gz,2636052,395407800
A0006_R2.fastq.gz,2636052,395407800
A0007_R1.fastq.gz,2566515,384977250
A0007_R2.fastq.gz,2566515,384977250
A0008_R1.fastq.gz,2614461,392169150
A0008_R2.fastq.gz,2614461,392169150
A0009_R1.fastq.gz,2640722,396108300
A0009_R2.fastq.gz,2640722,396108300
A0010_R1.fastq.gz,2516431,377464650
A0010_R2.fastq.gz,2516431,377464650
A0011_R1.fastq.gz,2516479,377471850
A0011_R2.fastq.gz,2516479,377471850
A0012_R1.fastq.gz,2605869,390880350
A0012_R2.fastq.gz,2605869,390880350
A0013_R1.fastq.gz,2569107,385366050
A0013_R2.fastq.gz,2569107,385366050
A0014_R1.fastq.gz,2531167,379675050
A0014_R2.fastq.gz,2531167,379675050
A0015_R1.fastq.gz,2539670,380950500
A0015_R2.fastq.gz,2539670,380950500
A0016_R1.fastq.gz,2752721,412908150
A0016_R2.fastq.gz,2752721,412908150
A0017_R1.fastq.gz,2768212,415231800
A0017_R2.fastq.gz,2768212,415231800
A0018_R1.fastq.gz,2533605,380040750
A0018_R2.fastq.gz,2533605,380040750
A0019_R1.fastq.gz,2464236,369635400
A0019_R2.fastq.gz,2464236,369635400
A0020_R1.fastq.gz,2566314,384947100
A0020_R2.fastq.gz,2566314,384947100
A0021_R1.fastq.gz,2529249,379387350
A0021_R2.fastq.gz,2529249,379387350
A0022_R1.fastq.gz,2361399,354209850
A0022_R2.fastq.gz,2361399,354209850
A0023_R1.fastq.gz,2495332,374299800
A0023_R2.fastq.gz,2495332,374299800
A0024_R1.fastq.gz,2573018,385952700
A0024_R2.fastq.gz,2573018,385952700
A0025_R1.fastq.gz,2815750,422362500
A0025_R2.fastq.gz,2815750,422362500
A0026_R1.fastq.gz,2663026,399453900
A0026_R2.fastq.gz,2663026,399453900
A0027_R1.fastq.gz,2369113,355366950
A0027_R2.fastq.gz,2369113,355366950
A0028_R1.fastq.gz,2499796,374969400
A0028_R2.fastq.gz,2499796,374969400
A0029_R1.fastq.gz,2415594,362339100
A0029_R2.fastq.gz,2415594,362339100
A0030_R1.fastq.gz,2450385,367557750
A0030_R2.fastq.gz,2450385,367557750
A0031_R1.fastq.gz,2658125,398718750
A0031_R2.fastq.gz,2658125,398718750
A0032_R1.fastq.gz,2489733,373459950
A0032_R2.fastq.gz,2489733,373459950
A0033_R1.fastq.gz,2519414,377912100
A0033_R2.fastq.gz,2519414,377912100
A0034_R1.fastq.gz,2451892,367783800
A0034_R2.fastq.gz,2451892,367783800
A0035_R1.fastq.gz,2283805,342570750
A0035_R2.fastq.gz,2283805,342570750
A0036_R1.fastq.gz,2335613,350341950
A0036_R2.fastq.gz,2335613,350341950
A0037_R1.fastq.gz,2349319,352397850
A0037_R2.fastq.gz,2349319,352397850
A0038_R1.fastq.gz,2359911,353986650
A0038_R2.fastq.gz,2359911,353986650
A0039_R1.fastq.gz,2475641,371346150
A0039_R2.fastq.gz,2475641,371346150
A0040_R1.fastq.gz,2383704,357555600
A0040_R2.fastq.gz,2383704,357555600
A0041_R1.fastq.gz,2707942,406191300
A0041_R2.fastq.gz,2707942,406191300
A0042_R1.fastq.gz,2793384,419007600
A0042_R2.fastq.gz,2793384,419007600
A0043_R1.fastq.gz,2530284,379542600
A0043_R2.fastq.gz,2530284,379542600
A0044_R1.fastq.gz,2960416,444062400
A0044_R2.fastq.gz,2960416,444062400
A0045_R1.fastq.gz,2863984,429597600
A0045_R2.fastq.gz,2863984,429597600
A0046_R1.fastq.gz,2841193,426178950
A0046_R2.fastq.gz,2841193,426178950
A0047_R1.fastq.gz,2818237,422735550
A0047_R2.fastq.gz,2818237,422735550
A0048_R1.fastq.gz,2610332,391549800
A0048_R2.fastq.gz,2610332,391549800
A0049_R1.fastq.gz,2920735,438110250
A0049_R2.fastq.gz,2920735,438110250
A0050_R1.fastq.gz,2376462,356469300
A0050_R2.fastq.gz,2376462,356469300
A0051_R1.fastq.gz,2454816,368222400
A0051_R2.fastq.gz,2454816,368222400
A0052_R1.fastq.gz,2468699,370304850
A0052_R2.fastq.gz,2468699,370304850
A0053_R1.fastq.gz,2543117,381467550
A0053_R2.fastq.gz,2543117,381467550
A0054_R1.fastq.gz,2411221,361683150
A0054_R2.fastq.gz,2411221,361683150
A0055_R1.fastq.gz,2376429,356464350
A0055_R2.fastq.gz,2376429,356464350
A0056_R1.fastq.gz,2444676,366701400
A0056_R2.fastq.gz,2444676,366701400
A0057_R1.fastq.gz,2799363,419904450
A0057_R2.fastq.gz,2799363,419904450
A0058_R1.fastq.gz,2301567,345235050
A0058_R2.fastq.gz,2301567,345235050
A0059_R1.fastq.gz,3020942,453141300
A0059_R2.fastq.gz,3020942,453141300
A0060_R1.fastq.gz,2663240,399486000
A0060_R2.fastq.gz,2663240,399486000
A0061_R1.fastq.gz,2361295,354194250
A0061_R2.fastq.gz,2361295,354194250
A0062_R1.fastq.gz,2620784,393117600
A0062_R2.fastq.gz,2620784,393117600
A0063_R1.fastq.gz,2457277,368591550
A0063_R2.fastq.gz,2457277,368591550
A0064_R1.fastq.gz,2266694,340004100
A0064_R2.fastq.gz,2266694,340004100
A0065_R1.fastq.gz,3294119,494117850
A0065_R2.fastq.gz,3294119,494117850
A0066_R1.fastq.gz,3036532,455479800
A0066_R2.fastq.gz,3036532,455479800
A0067_R1.fastq.gz,2408542,361281300
A0067_R2.fastq.gz,2408542,361281300
A0068_R1.fastq.gz,3767505,565125750
A0068_R2.fastq.gz,3767505,565125750
A0069_R1.fastq.gz,2392137,358820550
A0069_R2.fastq.gz,2392137,358820550
A0070_R1.fastq.gz,2690864,403629600
A0070_R2.fastq.gz,2690864,403629600
A0071_R1.fastq.gz,2346925,352038750
A0071_R2.fastq.gz,2346925,352038750
A0072_R1.fastq.gz,2480844,372126600
A0072_R2.fastq.gz,2480844,372126600
A0073_R1.fastq.gz,2822780,423417000
A0073_R2.fastq.gz,2822780,423417000
A0074_R1.fastq.gz,2667466,400119900
A0074_R2.fastq.gz,2667466,400119900
A0075_R1.fastq.gz,5093463,764019450
A0075_R2.fastq.gz,5093463,764019450
A0076_R1.fastq.gz,3807529,571129350
A0076_R2.fastq.gz,3807529,571129350
A0077_R1.fastq.gz,3633073,544960950
A0077_R2.fastq.gz,3633073,544960950
A0078_R1.fastq.gz,2973245,445986750
A0078_R2.fastq.gz,2973245,445986750
A0079_R1.fastq.gz,3245893,486883950
A0079_R2.fastq.gz,3245893,486883950
A0080_R1.fastq.gz,2571295,385694250
A0080_R2.fastq.gz,2571295,385694250
A0081_R1.fastq.gz,2969299,445394850
A0081_R2.fastq.gz,2969299,445394850
A0082_R1.fastq.gz,3204024,480603600
A0082_R2.fastq.gz,3204024,480603600
A0083_R1.fastq.gz,2779388,416908200
A0083_R2.fastq.gz,2779388,416908200
A0084_R1.fastq.gz,2918617,437792550
A0084_R2.fastq.gz,2918617,437792550
A0085_R1.fastq.gz,2593666,389049900
A0085_R2.fastq.gz,2593666,389049900
A0086_R1.fastq.gz,4413116,661967400
A0086_R2.fastq.gz,4413116,661967400
A0087_R1.fastq.gz,2777255,416588250
A0087_R2.fastq.gz,2777255,416588250
A0088_R1.fastq.gz,2849934,427490100
A0088_R2.fastq.gz,2849934,427490100
A0089_R1.fastq.gz,2711721,406758150
A0089_R2.fastq.gz,2711721,406758150
A0090_R1.fastq.gz,2606121,390918150
A0090_R2.fastq.gz,2606121,390918150
A0091_R1.fastq.gz,3760107,564016050
A0091_R2.fastq.gz,3760107,564016050
A0092_R1.fastq.gz,2688075,403211250
A0092_R2.fastq.gz,2688075,403211250
A0093_R1.fastq.gz,4617165,692574750
A0093_R2.fastq.gz,4617165,692574750
A0094_R1.fastq.gz,3284479,492671850
A0094_R2.fastq.gz,3284479,492671850
A0095_R1.fastq.gz,2601980,390297000
A0095_R2.fastq.gz,2601980,390297000
A0096_R1.fastq.gz,3269295,490394250
A0096_R2.fastq.gz,3269295,490394250
A0097_R1.fastq.gz,2738762,410814300
A0097_R2.fastq.gz,2738762,410814300
A0098_R1.fastq.gz,2664335,399650250
A0098_R2.fastq.gz,2664335,399650250
A0099_R1.fastq.gz,2488896,373334400
A0099_R2.fastq.gz,2488896,373334400
A0100_R1.fastq.gz,2543747,381562050
A0100_R2.fastq.gz,2543747,381562050
A0101_R1.fastq.gz,2655126,398268900
A0101_R2.fastq.gz,2655126,398268900
A0102_R1.fastq.gz,2524579,378686850
A0102_R2.fastq.gz,2524579,378686850
A0103_R1.fastq.gz,2524874,378731100
A0103_R2.fastq.gz,2524874,378731100
A0104_R1.fastq.gz,2576204,386430600
A0104_R2.fastq.gz,2576204,386430600
A0105_R1.fastq.gz,2892486,433872900
A0105_R2.fastq.gz,2892486,433872900
A0106_R1.fastq.gz,2656505,398475750
A0106_R2.fastq.gz,2656505,398475750
A0107_R1.fastq.gz,2494132,374119800
A0107_R2.fastq.gz,2494132,374119800
A0108_R1.fastq.gz,2517122,377568300
A0108_R2.fastq.gz,2517122,377568300
A0109_R1.fastq.gz,2637898,395684700
A0109_R2.fastq.gz,2637898,395684700
A0110_R1.fastq.gz,2460042,369006300
A0110_R2.fastq.gz,2460042,369006300
A0111_R1.fastq.gz,2504183,375627450
A0111_R2.fastq.gz,2504183,375627450
A0112_R1.fastq.gz,2490754,373613100
A0112_R2.fastq.gz,2490754,373613100
A0113_R1.fastq.gz,2937326,440598900
A0113_R2.fastq.gz,2937326,440598900
A0114_R1.fastq.gz,2726924,409038600
A0114_R2.fastq.gz,2726924,409038600
A0115_R1.fastq.gz,2504686,375702900
A0115_R2.fastq.gz,2504686,375702900
A0116_R1.fastq.gz,2516827,377524050
A0116_R2.fastq.gz,2516827,377524050
A0117_R1.fastq.gz,2624013,393601950
A0117_R2.fastq.gz,2624013,393601950
A0118_R1.fastq.gz,2455436,368315400
A0118_R2.fastq.gz,2455436,368315400
A0119_R1.fastq.gz,2512895,376934250
A0119_R2.fastq.gz,2512895,376934250
A0120_R1.fastq.gz,2561601,384240150
A0120_R2.fastq.gz,2561601,384240150
A0121_R1.fastq.gz,2955969,443395350
A0121_R2.fastq.gz,2955969,443395350
A0122_R1.fastq.gz,2768024,415203600
A0122_R2.fastq.gz,2768024,415203600
A0123_R1.fastq.gz,2583929,387589350
A0123_R2.fastq.gz,2583929,387589350
A0124_R1.fastq.gz,2575672,386350800
A0124_R2.fastq.gz,2575672,386350800
A0125_R1.fastq.gz,2724750,408712500
A0125_R2.fastq.gz,2724750,408712500
A0126_R1.fastq.gz,2563616,384542400
A0126_R2.fastq.gz,2563616,384542400
A0127_R1.fastq.gz,2636234,395435100
A0127_R2.fastq.gz,2636234,395435100
A0128_R1.fastq.gz,2381587,357238050
A0128_R2.fastq.gz,2381587,357238050
A0129_R1.fastq.gz,2933936,440090400
A0129_R2.fastq.gz,2933936,440090400
A0130_R1.fastq.gz,2540542,381081300
A0130_R2.fastq.gz,2540542,381081300
A0131_R1.fastq.gz,2340022,351003300
A0131_R2.fastq.gz,2340022,351003300
A0132_R1.fastq.gz,2282516,342377400
A0132_R2.fastq.gz,2282516,342377400
A0133_R1.fastq.gz,2368455,355268250
A0133_R2.fastq.gz,2368455,355268250
A0134_R1.fastq.gz,2175525,326328750
A0134_R2.fastq.gz,2175525,326328750
A0135_R1.fastq.gz,2228495,334274250
A0135_R2.fastq.gz,2228495,334274250
A0136_R1.fastq.gz,2263728,339559200
A0136_R2.fastq.gz,2263728,339559200
A0137_R1.fastq.gz,2919849,437977350
A0137_R2.fastq.gz,2919849,437977350
A0138_R1.fastq.gz,2789771,418465650
A0138_R2.fastq.gz,2789771,418465650
A0139_R1.fastq.gz,2693753,404062950
A0139_R2.fastq.gz,2693753,404062950
A0140_R1.fastq.gz,2687161,403074150
A0140_R2.fastq.gz,2687161,403074150
A0141_R1.fastq.gz,2950397,442559550
A0141_R2.fastq.gz,2950397,442559550
A0142_R1.fastq.gz,2658167,398725050
A0142_R2.fastq.gz,2658167,398725050
A0143_R1.fastq.gz,2444340,366651000
A0143_R2.fastq.gz,2444340,366651000
A0144_R1.fastq.gz,2627627,394144050
A0144_R2.fastq.gz,2627627,394144050
A0145_R1.fastq.gz,2559904,383985600
A0145_R2.fastq.gz,2559904,383985600
A0146_R1.fastq.gz,2524185,378627750
A0146_R2.fastq.gz,2524185,378627750
A0147_R1.fastq.gz,2381978,357296700
A0147_R2.fastq.gz,2381978,357296700
A0148_R1.fastq.gz,2434868,365230200
A0148_R2.fastq.gz,2434868,365230200
A0149_R1.fastq.gz,2758758,413813700
A0149_R2.fastq.gz,2758758,413813700
A0150_R1.fastq.gz,2506964,376044600
A0150_R2.fastq.gz,2506964,376044600
A0151_R1.fastq.gz,2405262,360789300
A0151_R2.fastq.gz,2405262,360789300
A0152_R1.fastq.gz,2475366,371304900
A0152_R2.fastq.gz,2475366,371304900
A0153_R1.fastq.gz,2478992,371848800
A0153_R2.fastq.gz,2478992,371848800
A0154_R1.fastq.gz,2687899,403184850
A0154_R2.fastq.gz,2687899,403184850
A0155_R1.fastq.gz,2311202,346680300
A0155_R2.fastq.gz,2311202,346680300
A0156_R1.fastq.gz,2352509,352876350
A0156_R2.fastq.gz,2352509,352876350
A0157_R1.fastq.gz,2441662,366249300
A0157_R2.fastq.gz,2441662,366249300
A0158_R1.fastq.gz,2229277,334391550
A0158_R2.fastq.gz,2229277,334391550
A0159_R1.fastq.gz,2252854,337928100
A0159_R2.fastq.gz,2252854,337928100
A0160_R1.fastq.gz,2383499,357524850
A0160_R2.fastq.gz,2383499,357524850
A0161_R1.fastq.gz,2771017,415652550
A0161_R2.fastq.gz,2771017,415652550
A0162_R1.fastq.gz,2720076,408011400
A0162_R2.fastq.gz,2720076,408011400
A0163_R1.fastq.gz,2404627,360694050
A0163_R2.fastq.gz,2404627,360694050
A0164_R1.fastq.gz,2458466,368769900
A0164_R2.fastq.gz,2458466,368769900
A0165_R1.fastq.gz,2582481,387372150
A0165_R2.fastq.gz,2582481,387372150
A0166_R1.fastq.gz,2404094,360614100
A0166_R2.fastq.gz,2404094,360614100
A0167_R1.fastq.gz,2391827,358774050
A0167_R2.fastq.gz,2391827,358774050
A0168_R1.fastq.gz,2435471,365320650
A0168_R2.fastq.gz,2435471,365320650
A0169_R1.fastq.gz,3003176,450476400
A0169_R2.fastq.gz,3003176,450476400
A0170_R1.fastq.gz,2852371,427855650
A0170_R2.fastq.gz,2852371,427855650
A0171_R1.fastq.gz,2727194,409079100
A0171_R2.fastq.gz,2727194,409079100
A0172_R1.fastq.gz,2601245,390186750
A0172_R2.fastq.gz,2601245,390186750
A0173_R1.fastq.gz,2608963,391344450
A0173_R2.fastq.gz,2608963,391344450
A0174_R1.fastq.gz,2659589,398938350
A0174_R2.fastq.gz,2659589,398938350
A0175_R1.fastq.gz,2530158,379523700
A0175_R2.fastq.gz,2530158,379523700
A0176_R1.fastq.gz,2703800,405570000
A0176_R2.fastq.gz,2703800,405570000
A0177_R1.fastq.gz,3127784,469167600
A0177_R2.fastq.gz,3127784,469167600
A0178_R1.fastq.gz,3060238,459035700
A0178_R2.fastq.gz,3060238,459035700
A0179_R1.fastq.gz,2836112,425416800
A0179_R2.fastq.gz,2836112,425416800
A0180_R1.fastq.gz,2890853,433627950
A0180_R2.fastq.gz,2890853,433627950
A0181_R1.fastq.gz,2978689,446803350
A0181_R2.fastq.gz,2978689,446803350
A0182_R1.fastq.gz,2491517,373727550
A0182_R2.fastq.gz,2491517,373727550
A0183_R1.fastq.gz,2326330,348949500
A0183_R2.fastq.gz,2326330,348949500
A0184_R1.fastq.gz,2612945,391941750
A0184_R2.fastq.gz,2612945,391941750
A0185_R1.fastq.gz,2946756,442013400
A0185_R2.fastq.gz,2946756,442013400
A0186_R1.fastq.gz,2789079,418361850
A0186_R2.fastq.gz,2789079,418361850
A0187_R1.fastq.gz,2553805,383070750
A0187_R2.fastq.gz,2553805,383070750
A0188_R1.fastq.gz,2650878,397631700
A0188_R2.fastq.gz,2650878,397631700
A0189_R1.fastq.gz,2722012,408301800
A0189_R2.fastq.gz,2722012,408301800
A0190_R1.fastq.gz,2365029,354754350
A0190_R2.fastq.gz,2365029,354754350
A0191_R1.fastq.gz,2589868,388480200
A0191_R2.fastq.gz,2589868,388480200
A0192_R1.fastq.gz,2626073,393910950
A0192_R2.fastq.gz,2626073,393910950
A0193_R1.fastq.gz,2527635,379145250
A0193_R2.fastq.gz,2527635,379145250
A0194_R1.fastq.gz,2730545,409581750
A0194_R2.fastq.gz,2730545,409581750
A0195_R1.fastq.gz,2637905,395685750
A0195_R2.fastq.gz,2637905,395685750
A0196_R1.fastq.gz,2754332,413149800
A0196_R2.fastq.gz,2754332,413149800
A0197_R1.fastq.gz,2553425,383013750
A0197_R2.fastq.gz,2553425,383013750
A0198_R1.fastq.gz,2219290,332893500
A0198_R2.fastq.gz,2219290,332893500
A0199_R1.fastq.gz,2760354,414053100
A0199_R2.fastq.gz,2760354,414053100
A0200_R1.fastq.gz,2488939,373340850
A0200_R2.fastq.gz,2488939,373340850
A0201_R1.fastq.gz,2577384,386607600
A0201_R2.fastq.gz,2577384,386607600
A0202_R1.fastq.gz,2648517,397277550
A0202_R2.fastq.gz,2648517,397277550
A0203_R1.fastq.gz,2534044,380106600
A0203_R2.fastq.gz,2534044,380106600
A0204_R1.fastq.gz,2620230,393034500
A0204_R2.fastq.gz,2620230,393034500
A0205_R1.fastq.gz,2518674,377801100
A0205_R2.fastq.gz,2518674,377801100
A0206_R1.fastq.gz,2273894,341084100
A0206_R2.fastq.gz,2273894,341084100
A0207_R1.fastq.gz,2736108,410416200
A0207_R2.fastq.gz,2736108,410416200
A0208_R1.fastq.gz,2453791,368068650
A0208_R2.fastq.gz,2453791,368068650
A0209_R1.fastq.gz,2458307,368746050
A0209_R2.fastq.gz,2458307,368746050
A0210_R1.fastq.gz,2608244,391236600
A0210_R2.fastq.gz,2608244,391236600
A0211_R1.fastq.gz,2565976,384896400
A0211_R2.fastq.gz,2565976,384896400
A0212_R1.fastq.gz,2675991,401398650
A0212_R2.fastq.gz,2675991,401398650
A0213_R1.fastq.gz,2589946,388491900
A0213_R2.fastq.gz,2589946,388491900
A0214_R1.fastq.gz,2608341,391251150
A0214_R2.fastq.gz,2608341,391251150
A0215_R1.fastq.gz,2639964,395994600
A0215_R2.fastq.gz,2639964,395994600
A0216_R1.fastq.gz,2392964,358944600
A0216_R2.fastq.gz,2392964,358944600
A0217_R1.fastq.gz,2586027,387904050
A0217_R2.fastq.gz,2586027,387904050
A0218_R1.fastq.gz,2876494,431474100
A0218_R2.fastq.gz,2876494,431474100
A0219_R1.fastq.gz,2760047,414007050
A0219_R2.fastq.gz,2760047,414007050
A0220_R1.fastq.gz,2898047,434707050
A0220_R2.fastq.gz,2898047,434707050
A0221_R1.fastq.gz,2833101,424965150
A0221_R2.fastq.gz,2833101,424965150
A0222_R1.fastq.gz,2690452,403567800
A0222_R2.fastq.gz,2690452,403567800
A0223_R1.fastq.gz,2891902,433785300
A0223_R2.fastq.gz,2891902,433785300
A0224_R1.fastq.gz,2683882,402582300
A0224_R2.fastq.gz,2683882,402582300
A0225_R1.fastq.gz,2313593,347038950
A0225_R2.fastq.gz,2313593,347038950
A0226_R1.fastq.gz,2653594,398039100
A0226_R2.fastq.gz,2653594,398039100
A0227_R1.fastq.gz,2555208,383281200
A0227_R2.fastq.gz,2555208,383281200
A0228_R1.fastq.gz,2659113,398866950
A0228_R2.fastq.gz,2659113,398866950
A0229_R1.fastq.gz,2552394,382859100
A0229_R2.fastq.gz,2552394,382859100
A0230_R1.fastq.gz,2483820,372573000
A0230_R2.fastq.gz,2483820,372573000
A0231_R1.fastq.gz,2645426,396813900
A0231_R2.fastq.gz,2645426,396813900
A0232_R1.fastq.gz,2490382,373557300
A0232_R2.fastq.gz,2490382,373557300
A0233_R1.fastq.gz,2345816,351872400
A0233_R2.fastq.gz,2345816,351872400
A0234_R1.fastq.gz,2858437,428765550
A0234_R2.fastq.gz,2858437,428765550
A0235_R1.fastq.gz,2836657,425498550
A0235_R2.fastq.gz,2836657,425498550
A0236_R1.fastq.gz,3033968,455095200
A0236_R2.fastq.gz,3033968,455095200
A0237_R1.fastq.gz,2854536,428180400
A0237_R2.fastq.gz,2854536,428180400
A0238_R1.fastq.gz,2858133,428719950
A0238_R2.fastq.gz,2858133,428719950
A0239_R1.fastq.gz,2949830,442474500
A0239_R2.fastq.gz,2949830,442474500
A0240_R1.fastq.gz,2692222,403833300
A0240_R2.fastq.gz,2692222,403833300
A0241_R1.fastq.gz,2473666,371049900
A0241_R2.fastq.gz,2473666,371049900
A0242_R1.fastq.gz,2695624,404343600
A0242_R2.fastq.gz,2695624,404343600
A0243_R1.fastq.gz,2684501,402675150
A0243_R2.fastq.gz,2684501,402675150
A0244_R1.fastq.gz,2817196,422579400
A0244_R2.fastq.gz,2817196,422579400
A0245_R1.fastq.gz,3030595,454589250
A0245_R2.fastq.gz,3030595,454589250
A0246_R1.fastq.gz,2713050,406957500
A0246_R2.fastq.gz,2713050,406957500
A0247_R1.fastq.gz,2911973,436795950
A0247_R2.fastq.gz,2911973,436795950
A0248_R1.fastq.gz,2695439,404315850
A0248_R2.fastq.gz,2695439,404315850
A0249_R1.fastq.gz,2278691,341803650
A0249_R2.fastq.gz,2278691,341803650
A0250_R1.fastq.gz,2557635,383645250
A0250_R2.fastq.gz,2557635,383645250
A0251_R1.fastq.gz,2551462,382719300
A0251_R2.fastq.gz,2551462,382719300
A0252_R1.fastq.gz,2718718,407807700
A0252_R2.fastq.gz,2718718,407807700
A0253_R1.fastq.gz,2573336,386000400
A0253_R2.fastq.gz,2573336,386000400
A0254_R1.fastq.gz,2499807,374971050
A0254_R2.fastq.gz,2499807,374971050
A0255_R1.fastq.gz,2601158,390173700
A0255_R2.fastq.gz,2601158,390173700
A0256_R1.fastq.gz,2417420,362613000
A0256_R2.fastq.gz,2417420,362613000
A0257_R1.fastq.gz,2507575,376136250
A0257_R2.fastq.gz,2507575,376136250
A0258_R1.fastq.gz,2741826,411273900
A0258_R2.fastq.gz,2741826,411273900
A0259_R1.fastq.gz,2715992,407398800
A0259_R2.fastq.gz,2715992,407398800
A0260_R1.fastq.gz,2770457,415568550
A0260_R2.fastq.gz,2770457,415568550
A0261_R1.fastq.gz,2694512,404176800
A0261_R2.fastq.gz,2694512,404176800
A0262_R1.fastq.gz,2660186,399027900
A0262_R2.fastq.gz,2660186,399027900
A0263_R1.fastq.gz,2322502,348375300
A0263_R2.fastq.gz,2322502,348375300
A0264_R1.fastq.gz,2621209,393181350
A0264_R2.fastq.gz,2621209,393181350
A0265_R1.fastq.gz,2693342,404001300
A0265_R2.fastq.gz,2693342,404001300
A0266_R1.fastq.gz,2753482,413022300
A0266_R2.fastq.gz,2753482,413022300
A0267_R1.fastq.gz,2777489,416623350
A0267_R2.fastq.gz,2777489,416623350
A0268_R1.fastq.gz,2873351,431002650
A0268_R2.fastq.gz,2873351,431002650
A0269_R1.fastq.gz,2796875,419531250
A0269_R2.fastq.gz,2796875,419531250
A0270_R1.fastq.gz,2744556,411683400
A0270_R2.fastq.gz,2744556,411683400
A0271_R1.fastq.gz,2842907,426436050
A0271_R2.fastq.gz,2842907,426436050
A0272_R1.fastq.gz,2637775,395666250
A0272_R2.fastq.gz,2637775,395666250
A0273_R1.fastq.gz,2713755,407063250
A0273_R2.fastq.gz,2713755,407063250
A0274_R1.fastq.gz,2910109,436516350
A0274_R2.fastq.gz,2910109,436516350
A0275_R1.fastq.gz,2785620,417843000
A0275_R2.fastq.gz,2785620,417843000
A0276_R1.fastq.gz,2930790,439618500
A0276_R2.fastq.gz,2930790,439618500
A0277_R1.fastq.gz,2840321,426048150
A0277_R2.fastq.gz,2840321,426048150
A0278_R1.fastq.gz,2650273,397540950
A0278_R2.fastq.gz,2650273,397540950
A0279_R1.fastq.gz,2874012,431101800
A0279_R2.fastq.gz,2874012,431101800
A0280_R1.fastq.gz,2635383,395307450
A0280_R2.fastq.gz,2635383,395307450
A0281_R1.fastq.gz,2680589,402088350
A0281_R2.fastq.gz,2680589,402088350
A0282_R1.fastq.gz,2662703,399405450
A0282_R2.fastq.gz,2662703,399405450
A0283_R1.fastq.gz,2638981,395847150
A0283_R2.fastq.gz,2638981,395847150
A0284_R1.fastq.gz,2643084,396462600
A0284_R2.fastq.gz,2643084,396462600
A0285_R1.fastq.gz,2577868,386680200
A0285_R2.fastq.gz,2577868,386680200
A0286_R1.fastq.gz,2524413,378661950
A0286_R2.fastq.gz,2524413,378661950
A0287_R1.fastq.gz,2769910,415486500
A0287_R2.fastq.gz,2769910,415486500
A0288_R1.fastq.gz,2460291,369043650
A0288_R2.fastq.gz,2460291,369043650
A0289_R1.fastq.gz,2772681,415902150
A0289_R2.fastq.gz,2772681,415902150
A0290_R1.fastq.gz,2642190,396328500
A0290_R2.fastq.gz,2642190,396328500
A0291_R1.fastq.gz,2527965,379194750
A0291_R2.fastq.gz,2527965,379194750
A0292_R1.fastq.gz,2394936,359240400
A0292_R2.fastq.gz,2394936,359240400
A0293_R1.fastq.gz,2669445,400416750
A0293_R2.fastq.gz,2669445,400416750
A0294_R1.fastq.gz,2635675,395351250
A0294_R2.fastq.gz,2635675,395351250
A0295_R1.fastq.gz,2408321,361248150
A0295_R2.fastq.gz,2408321,361248150
A0296_R1.fastq.gz,2602457,390368550
A0296_R2.fastq.gz,2602457,390368550
A0297_R1.fastq.gz,2821337,423200550
A0297_R2.fastq.gz,2821337,423200550
A0298_R1.fastq.gz,2666707,400006050
A0298_R2.fastq.gz,2666707,400006050
A0299_R1.fastq.gz,2500110,375016500
A0299_R2.fastq.gz,2500110,375016500
A0300_R1.fastq.gz,2509264,376389600
A0300_R2.fastq.gz,2509264,376389600
A0301_R1.fastq.gz,2682970,402445500
A0301_R2.fastq.gz,2682970,402445500
A0302_R1.fastq.gz,2532156,379823400
A0302_R2.fastq.gz,2532156,379823400
A0303_R1.fastq.gz,2409411,361411650
A0303_R2.fastq.gz,2409411,361411650
A0304_R1.fastq.gz,2578663,386799450
A0304_R2.fastq.gz,2578663,386799450
A0305_R1.fastq.gz,2770220,415533000
A0305_R2.fastq.gz,2770220,415533000
A0306_R1.fastq.gz,2479179,371876850
A0306_R2.fastq.gz,2479179,371876850
A0307_R1.fastq.gz,2516729,377509350
A0307_R2.fastq.gz,2516729,377509350
A0308_R1.fastq.gz,2557017,383552550
A0308_R2.fastq.gz,2557017,383552550
A0309_R1.fastq.gz,2717661,407649150
A0309_R2.fastq.gz,2717661,407649150
A0310_R1.fastq.gz,2566087,384913050
A0310_R2.fastq.gz,2566087,384913050
A0311_R1.fastq.gz,2472894,370934100
A0311_R2.fastq.gz,2472894,370934100
A0312_R1.fastq.gz,2600174,390026100
A0312_R2.fastq.gz,2600174,390026100
A0313_R1.fastq.gz,2906402,435960300
A0313_R2.fastq.gz,2906402,435960300
A0314_R1.fastq.gz,2776991,416548650
A0314_R2.fastq.gz,2776991,416548650
A0315_R1.fastq.gz,2662444,399366600
A0315_R2.fastq.gz,2662444,399366600
A0316_R1.fastq.gz,2663771,399565650
A0316_R2.fastq.gz,2663771,399565650
A0317_R1.fastq.gz,2812871,421930650
A0317_R2.fastq.gz,2812871,421930650
A0318_R1.fastq.gz,2663677,399551550
A0318_R2.fastq.gz,2663677,399551550
A0319_R1.fastq.gz,2554003,383100450
A0319_R2.fastq.gz,2554003,383100450
A0320_R1.fastq.gz,2716461,407469150
A0320_R2.fastq.gz,2716461,407469150
A0321_R1.fastq.gz,2705167,405775050
A0321_R2.fastq.gz,2705167,405775050
A0322_R1.fastq.gz,2613331,391999650
A0322_R2.fastq.gz,2613331,391999650
A0323_R1.fastq.gz,2446056,366908400
A0323_R2.fastq.gz,2446056,366908400
A0324_R1.fastq.gz,2431297,364694550
A0324_R2.fastq.gz,2431297,364694550
A0325_R1.fastq.gz,3856432,578464800
A0325_R2.fastq.gz,3856432,578464800
A0326_R1.fastq.gz,2542340,381351000
A0326_R2.fastq.gz,2542340,381351000
A0327_R1.fastq.gz,2429987,364498050
A0327_R2.fastq.gz,2429987,364498050
A0328_R1.fastq.gz,2577446,386616900
A0328_R2.fastq.gz,2577446,386616900
A0329_R1.fastq.gz,2624823,393723450
A0329_R2.fastq.gz,2624823,393723450
A0330_R1.fastq.gz,2719133,407869950
A0330_R2.fastq.gz,2719133,407869950
A0331_R1.fastq.gz,2702624,405393600
A0331_R2.fastq.gz,2702624,405393600
A0332_R1.fastq.gz,2744078,411611700
A0332_R2.fastq.gz,2744078,411611700
A0333_R1.fastq.gz,2916566,437484900
A0333_R2.fastq.gz,2916566,437484900
A0334_R1.fastq.gz,2784323,417648450
A0334_R2.fastq.gz,2784323,417648450
A0335_R1.fastq.gz,2567035,385055250
A0335_R2.fastq.gz,2567035,385055250
A0336_R1.fastq.gz,2800564,420084600
A0336_R2.fastq.gz,2800564,420084600
A0337_R1.fastq.gz,2574713,386206950
A0337_R2.fastq.gz,2574713,386206950
A0338_R1.fastq.gz,2409050,361357500
A0338_R2.fastq.gz,2409050,361357500
A0339_R1.fastq.gz,2542015,381302250
A0339_R2.fastq.gz,2542015,381302250
A0340_R1.fastq.gz,2618356,392753400
A0340_R2.fastq.gz,2618356,392753400
A0341_R1.fastq.gz,2751517,412727550
A0341_R2.fastq.gz,2751517,412727550
A0342_R1.fastq.gz,2639619,395942850
A0342_R2.fastq.gz,2639619,395942850
A0343_R1.fastq.gz,2871054,430658100
A0343_R2.fastq.gz,2871054,430658100
A0344_R1.fastq.gz,2679288,401893200
A0344_R2.fastq.gz,2679288,401893200
A0345_R1.fastq.gz,2686636,402995400
A0345_R2.fastq.gz,2686636,402995400
A0346_R1.fastq.gz,2596187,389428050
A0346_R2.fastq.gz,2596187,389428050
A0347_R1.fastq.gz,2489893,373483950
A0347_R2.fastq.gz,2489893,373483950
A0348_R1.fastq.gz,2254452,338167800
A0348_R2.fastq.gz,2254452,338167800
A0349_R1.fastq.gz,3143573,471535950
A0349_R2.fastq.gz,3143573,471535950
A0350_R1.fastq.gz,2576360,386454000
A0350_R2.fastq.gz,2576360,386454000
A0351_R1.fastq.gz,2397830,359674500
A0351_R2.fastq.gz,2397830,359674500
A0352_R1.fastq.gz,2606089,390913350
A0352_R2.fastq.gz,2606089,390913350
A0353_R1.fastq.gz,2902466,435369900
A0353_R2.fastq.gz,2902466,435369900
A0354_R1.fastq.gz,2765491,414823650
A0354_R2.fastq.gz,2765491,414823650
A0355_R1.fastq.gz,2533148,379972200
A0355_R2.fastq.gz,2533148,379972200
A0356_R1.fastq.gz,2642398,396359700
A0356_R2.fastq.gz,2642398,396359700
A0357_R1.fastq.gz,2893314,433997100
A0357_R2.fastq.gz,2893314,433997100
A0358_R1.fastq.gz,2603474,390521100
A0358_R2.fastq.gz,2603474,390521100
A0359_R1.fastq.gz,2750429,412564350
A0359_R2.fastq.gz,2750429,412564350
A0360_R1.fastq.gz,2688079,403211850
A0360_R2.fastq.gz,2688079,403211850
A0361_R1.fastq.gz,3060201,459030150
A0361_R2.fastq.gz,3060201,459030150
A0362_R1.fastq.gz,2911098,436664700
A0362_R2.fastq.gz,2911098,436664700
A0363_R1.fastq.gz,2694589,404188350
A0363_R2.fastq.gz,2694589,404188350
A0364_R1.fastq.gz,2735592,410338800
A0364_R2.fastq.gz,2735592,410338800
A0365_R1.fastq.gz,2906670,436000500
A0365_R2.fastq.gz,2906670,436000500
A0366_R1.fastq.gz,2693777,404066550
A0366_R2.fastq.gz,2693777,404066550
A0367_R1.fastq.gz,2596478,389471700
A0367_R2.fastq.gz,2596478,389471700
A0368_R1.fastq.gz,2756996,413549400
A0368_R2.fastq.gz,2756996,413549400
A0369_R1.fastq.gz,3078422,461763300
A0369_R2.fastq.gz,3078422,461763300
A0370_R1.fastq.gz,2910278,436541700
A0370_R2.fastq.gz,2910278,436541700
A0371_R1.fastq.gz,2765387,414808050
A0371_R2.fastq.gz,2765387,414808050
A0372_R1.fastq.gz,2697659,404648850
A0372_R2.fastq.gz,2697659,404648850
A0373_R1.fastq.gz,2922210,438331500
A0373_R2.fastq.gz,2922210,438331500
A0374_R1.fastq.gz,2772953,415942950
A0374_R2.fastq.gz,2772953,415942950
A0375_R1.fastq.gz,2621984,393297600
A0375_R2.fastq.gz,2621984,393297600
A0376_R1.fastq.gz,2797620,419643000
A0376_R2.fastq.gz,2797620,419643000
A0377_R1.fastq.gz,2869727,430459050
A0377_R2.fastq.gz,2869727,430459050
A0378_R1.fastq.gz,2723066,408459900
A0378_R2.fastq.gz,2723066,408459900
A0379_R1.fastq.gz,2565724,384858600
A0379_R2.fastq.gz,2565724,384858600
A0380_R1.fastq.gz,2329468,349420200
A0380_R2.fastq.gz,2329468,349420200
A0381_R1.fastq.gz,2827913,424186950
A0381_R2.fastq.gz,2827913,424186950
A0382_R1.fastq.gz,2542989,381448350
A0382_R2.fastq.gz,2542989,381448350
A0383_R1.fastq.gz,2466011,369901650
A0383_R2.fastq.gz,2466011,369901650
A0384_R1.fastq.gz,2617825,392673750
A0384_R2.fastq.gz,2617825,392673750
A0385_R1.fastq.gz,2676537,401480550
A0385_R2.fastq.gz,2676537,401480550
A0386_R1.fastq.gz,2678798,401819700
A0386_R2.fastq.gz,2678798,401819700
A0387_R1.fastq.gz,2689571,403435650
A0387_R2.fastq.gz,2689571,403435650
A0388_R1.fastq.gz,2619192,392878800
A0388_R2.fastq.gz,2619192,392878800
A0389_R1.fastq.gz,2661132,399169800
A0389_R2.fastq.gz,2661132,399169800
A0390_R1.fastq.gz,2634383,395157450
A0390_R2.fastq.gz,2634383,395157450
A0391_R1.fastq.gz,2571155,385673250
A0391_R2.fastq.gz,2571155,385673250
A0392_R1.fastq.gz,2655678,398351700
A0392_R2.fastq.gz,2655678,398351700
A0393_R1.fastq.gz,2905297,435794550
A0393_R2.fastq.gz,2905297,435794550
A0394_R1.fastq.gz,2836068,425410200
A0394_R2.fastq.gz,2836068,425410200
A0395_R1.fastq.gz,2860935,429140250
A0395_R2.fastq.gz,2860935,429140250
A0396_R1.fastq.gz,2931797,439769550
A0396_R2.fastq.gz,2931797,439769550
A0397_R1.fastq.gz,2900558,435083700
A0397_R2.fastq.gz,2900558,435083700
A0398_R1.fastq.gz,2874282,431142300
A0398_R2.fastq.gz,2874282,431142300
A0399_R1.fastq.gz,2791355,418703250
A0399_R2.fastq.gz,2791355,418703250
A0400_R1.fastq.gz,2877884,431682600
A0400_R2.fastq.gz,2877884,431682600
A0401_R1.fastq.gz,2855236,428285400
A0401_R2.fastq.gz,2855236,428285400
A0402_R1.fastq.gz,2758590,413788500
A0402_R2.fastq.gz,2758590,413788500
A0403_R1.fastq.gz,2790643,418596450
A0403_R2.fastq.gz,2790643,418596450
A0404_R1.fastq.gz,2890654,433598100
A0404_R2.fastq.gz,2890654,433598100
A0405_R1.fastq.gz,2800871,420130650
A0405_R2.fastq.gz,2800871,420130650
A0406_R1.fastq.gz,2810323,421548450
A0406_R2.fastq.gz,2810323,421548450
A0407_R1.fastq.gz,2728462,409269300
A0407_R2.fastq.gz,2728462,409269300
A0408_R1.fastq.gz,2754560,413184000
A0408_R2.fastq.gz,2754560,413184000
A0409_R1.fastq.gz,3054332,458149800
A0409_R2.fastq.gz,3054332,458149800
A0410_R1.fastq.gz,2956291,443443650
A0410_R2.fastq.gz,2956291,443443650
A0411_R1.fastq.gz,2887351,433102650
A0411_R2.fastq.gz,2887351,433102650
A0412_R1.fastq.gz,3074796,461219400
A0412_R2.fastq.gz,3074796,461219400
A0413_R1.fastq.gz,2980207,447031050
A0413_R2.fastq.gz,2980207,447031050
A0414_R1.fastq.gz,2940207,441031050
A0414_R2.fastq.gz,2940207,441031050
A0415_R1.fastq.gz,2954132,443119800
A0415_R2.fastq.gz,2954132,443119800
A0416_R1.fastq.gz,2956569,443485350
A0416_R2.fastq.gz,2956569,443485350
A0417_R1.fastq.gz,3033417,455012550
A0417_R2.fastq.gz,3033417,455012550
A0418_R1.fastq.gz,2945289,441793350
A0418_R2.fastq.gz,2945289,441793350
A0419_R1.fastq.gz,2972328,445849200
A0419_R2.fastq.gz,2972328,445849200
A0420_R1.fastq.gz,3095280,464292000
A0420_R2.fastq.gz,3095280,464292000
A0421_R1.fastq.gz,2999404,449910600
A0421_R2.fastq.gz,2999404,449910600
A0422_R1.fastq.gz,3091347,463702050
A0422_R2.fastq.gz,3091347,463702050
A0423_R1.fastq.gz,3040799,456119850
A0423_R2.fastq.gz,3040799,456119850
A0424_R1.fastq.gz,2940521,441078150
A0424_R2.fastq.gz,2940521,441078150
A0425_R1.fastq.gz,3075197,461279550
A0425_R2.fastq.gz,3075197,461279550
A0426_R1.fastq.gz,2971962,445794300
A0426_R2.fastq.gz,2971962,445794300
A0427_R1.fastq.gz,3140852,471127800
A0427_R2.fastq.gz,3140852,471127800
A0428_R1.fastq.gz,3071228,460684200
A0428_R2.fastq.gz,3071228,460684200
A0429_R1.fastq.gz,3096902,464535300
A0429_R2.fastq.gz,3096902,464535300
A0430_R1.fastq.gz,3269299,490394850
A0430_R2.fastq.gz,3269299,490394850
A0431_R1.fastq.gz,3055994,458399100
A0431_R2.fastq.gz,3055994,458399100
A0432_R1.fastq.gz,3058875,458831250
A0432_R2.fastq.gz,3058875,458831250
A0433_R1.fastq.gz,2807874,421181100
A0433_R2.fastq.gz,2807874,421181100
A0434_R1.fastq.gz,2707657,406148550
A0434_R2.fastq.gz,2707657,406148550
A0435_R1.fastq.gz,2801978,420296700
A0435_R2.fastq.gz,2801978,420296700
A0436_R1.fastq.gz,2973753,446062950
A0436_R2.fastq.gz,2973753,446062950
A0437_R1.fastq.gz,2854699,428204850
A0437_R2.fastq.gz,2854699,428204850
A0438_R1.fastq.gz,2774595,416189250
A0438_R2.fastq.gz,2774595,416189250
A0439_R1.fastq.gz,2860952,429142800
A0439_R2.fastq.gz,2860952,429142800
A0440_R1.fastq.gz,2715067,407260050
A0440_R2.fastq.gz,2715067,407260050
A0441_R1.fastq.gz,2894713,434206950
A0441_R2.fastq.gz,2894713,434206950
A0442_R1.fastq.gz,2586272,387940800
A0442_R2.fastq.gz,2586272,387940800
A0443_R1.fastq.gz,2878098,431714700
A0443_R2.fastq.gz,2878098,431714700
A0444_R1.fastq.gz,2991212,448681800
A0444_R2.fastq.gz,2991212,448681800
A0445_R1.fastq.gz,3017728,452659200
A0445_R2.fastq.gz,3017728,452659200
A0446_R1.fastq.gz,2882533,432379950
A0446_R2.fastq.gz,2882533,432379950
A0447_R1.fastq.gz,2917996,437699400
A0447_R2.fastq.gz,2917996,437699400
A0448_R1.fastq.gz,2821690,423253500
A0448_R2.fastq.gz,2821690,423253500
A0449_R1.fastq.gz,3050781,457617150
A0449_R2.fastq.gz,3050781,457617150
A0450_R1.fastq.gz,2786061,417909150
A0450_R2.fastq.gz,2786061,417909150
A0451_R1.fastq.gz,2902273,435340950
A0451_R2.fastq.gz,2902273,435340950
A0452_R1.fastq.gz,3069169,460375350
A0452_R2.fastq.gz,3069169,460375350
A0453_R1.fastq.gz,2980207,447031050
A0453_R2.fastq.gz,2980207,447031050
A0454_R1.fastq.gz,3034869,455230350
A0454_R2.fastq.gz,3034869,455230350
A0455_R1.fastq.gz,2988382,448257300
A0455_R2.fastq.gz,2988382,448257300
A0456_R1.fastq.gz,2634864,395229600
A0456_R2.fastq.gz,2634864,395229600
A0457_R1.fastq.gz,3137324,470598600
A0457_R2.fastq.gz,3137324,470598600
A0458_R1.fastq.gz,2899021,434853150
A0458_R2.fastq.gz,2899021,434853150
A0459_R1.fastq.gz,788389,118258350
A0459_R2.fastq.gz,788389,118258350
A0460_R1.fastq.gz,3037255,455588250
A0460_R2.fastq.gz,3037255,455588250
A0461_R1.fastq.gz,3071984,460797600
A0461_R2.fastq.gz,3071984,460797600
A0462_R1.fastq.gz,3048327,457249050
A0462_R2.fastq.gz,3048327,457249050
A0463_R1.fastq.gz,3193168,478975200
A0463_R2.fastq.gz,3193168,478975200
A0464_R1.fastq.gz,2977543,446631450
A0464_R2.fastq.gz,2977543,446631450
A0465_R1.fastq.gz,2871849,430777350
A0465_R2.fastq.gz,2871849,430777350
A0466_R1.fastq.gz,2852639,427895850
A0466_R2.fastq.gz,2852639,427895850
A0467_R1.fastq.gz,2825879,423881850
A0467_R2.fastq.gz,2825879,423881850
A0468_R1.fastq.gz,2910890,436633500
A0468_R2.fastq.gz,2910890,436633500
A0469_R1.fastq.gz,2878306,431745900
A0469_R2.fastq.gz,2878306,431745900
A0470_R1.fastq.gz,2870587,430588050
A0470_R2.fastq.gz,2870587,430588050
A0471_R1.fastq.gz,2782946,417441900
A0471_R2.fastq.gz,2782946,417441900
A0472_R1.fastq.gz,2538280,380742000
A0472_R2.fastq.gz,2538280,380742000
A0473_R1.fastq.gz,3000880,450132000
A0473_R2.fastq.gz,3000880,450132000
A0474_R1.fastq.gz,2899406,434910900
A0474_R2.fastq.gz,2899406,434910900
A0475_R1.fastq.gz,2956684,443502600
A0475_R2.fastq.gz,2956684,443502600
A0476_R1.fastq.gz,2837898,425684700
A0476_R2.fastq.gz,2837898,425684700
A0477_R1.fastq.gz,3392011,508801650
A0477_R2.fastq.gz,3392011,508801650
A0478_R1.fastq.gz,3045976,456896400
A0478_R2.fastq.gz,3045976,456896400
A0479_R1.fastq.gz,2951172,442675800
A0479_R2.fastq.gz,2951172,442675800
A0480_R1.fastq.gz,2967900,445185000
A0480_R2.fastq.gz,2967900,445185000
A0481_R1.fastq.gz,4857736,728660400
A0481_R2.fastq.gz,4857736,728660400
A0482_R1.fastq.gz,2556751,383512650
A0482_R2.fastq.gz,2556751,383512650
A0483_R1.fastq.gz,2161194,324179100
A0483_R2.fastq.gz,2161194,324179100
A0484_R1.fastq.gz,2502941,375441150
A0484_R2.fastq.gz,2502941,375441150
A0485_R1.fastq.gz,2620260,393039000
A0485_R2.fastq.gz,2620260,393039000
A0486_R1.fastq.gz,2465249,369787350
A0486_R2.fastq.gz,2465249,369787350
A0487_R1.fastq.gz,2534519,380177850
A0487_R2.fastq.gz,2534519,380177850
A0488_R1.fastq.gz,2508370,376255500
A0488_R2.fastq.gz,2508370,376255500
A0489_R1.fastq.gz,2932338,439850700
A0489_R2.fastq.gz,2932338,439850700
A0490_R1.fastq.gz,2769902,415485300
A0490_R2.fastq.gz,2769902,415485300
A0491_R1.fastq.gz,2651126,397668900
A0491_R2.fastq.gz,2651126,397668900
A0492_R1.fastq.gz,2757593,413638950
A0492_R2.fastq.gz,2757593,413638950
A0493_R1.fastq.gz,2848605,427290750
A0493_R2.fastq.gz,2848605,427290750
A0494_R1.fastq.gz,2665337,399800550
A0494_R2.fastq.gz,2665337,399800550
A0495_R1.fastq.gz,2726622,408993300
A0495_R2.fastq.gz,2726622,408993300
A0496_R1.fastq.gz,2814092,422113800
A0496_R2.fastq.gz,2814092,422113800
A0497_R1.fastq.gz,2929845,439476750
A0497_R2.fastq.gz,2929845,439476750
A0498_R1.fastq.gz,2746137,411920550
A0498_R2.fastq.gz,2746137,411920550
A0499_R1.fastq.gz,2586164,387924600
A0499_R2.fastq.gz,2586164,387924600
A0500_R1.fastq.gz,2674723,401208450
A0500_R2.fastq.gz,2674723,401208450
A0501_R1.fastq.gz,2753032,412954800
A0501_R2.fastq.gz,2753032,412954800
A0502_R1.fastq.gz,2605542,390831300
A0502_R2.fastq.gz,2605542,390831300
A0503_R1.fastq.gz,2593768,389065200
A0503_R2.fastq.gz,2593768,389065200
A0504_R1.fastq.gz,2660707,399106050
A0504_R2.fastq.gz,2660707,399106050
A0505_R1.fastq.gz,3006560,450984000
A0505_R2.fastq.gz,3006560,450984000
A0506_R1.fastq.gz,2766125,414918750
A0506_R2.fastq.gz,2766125,414918750
A0507_R1.fastq.gz,2755489,413323350
A0507_R2.fastq.gz,2755489,413323350
A0508_R1.fastq.gz,2837383,425607450
A0508_R2.fastq.gz,2837383,425607450
A0509_R1.fastq.gz,2938189,440728350
A0509_R2.fastq.gz,2938189,440728350
A0510_R1.fastq.gz,2768076,415211400
A0510_R2.fastq.gz,2768076,415211400
A0511_R1.fastq.gz,2832409,424861350
A0511_R2.fastq.gz,2832409,424861350
A0512_R1.fastq.gz,2892258,433838700
A0512_R2.fastq.gz,2892258,433838700
A0513_R1.fastq.gz,3078496,461774400
A0513_R2.fastq.gz,3078496,461774400
A0514_R1.fastq.gz,2852487,427873050
A0514_R2.fastq.gz,2852487,427873050
A0515_R1.fastq.gz,2749804,412470600
A0515_R2.fastq.gz,2749804,412470600
A0516_R1.fastq.gz,2836533,425479950
A0516_R2.fastq.gz,2836533,425479950
A0517_R1.fastq.gz,2996862,449529300
A0517_R2.fastq.gz,2996862,449529300
A0518_R1.fastq.gz,2738933,410839950
A0518_R2.fastq.gz,2738933,410839950
A0519_R1.fastq.gz,2680860,402129000
A0519_R2.fastq.gz,2680860,402129000
A0520_R1.fastq.gz,2800074,420011100
A0520_R2.fastq.gz,2800074,420011100
A0521_R1.fastq.gz,2921344,438201600
A0521_R2.fastq.gz,2921344,438201600
A0522_R1.fastq.gz,2740770,411115500
A0522_R2.fastq.gz,2740770,411115500
A0523_R1.fastq.gz,2686878,403031700
A0523_R2.fastq.gz,2686878,403031700
A0524_R1.fastq.gz,2938630,440794500
A0524_R2.fastq.gz,2938630,440794500
A0525_R1.fastq.gz,3054420,458163000
A0525_R2.fastq.gz,3054420,458163000
A0526_R1.fastq.gz,2756309,413446350
A0526_R2.fastq.gz,2756309,413446350
A0527_R1.fastq.gz,2682621,402393150
A0527_R2.fastq.gz,2682621,402393150
A0528_R1.fastq.gz,2755661,413349150
A0528_R2.fastq.gz,2755661,413349150
A0529_R1.fastq.gz,2841268,426190200
A0529_R2.fastq.gz,2841268,426190200
A0530_R1.fastq.gz,2633528,395029200
A0530_R2.fastq.gz,2633528,395029200
A0531_R1.fastq.gz,811677,121751550
A0531_R2.fastq.gz,811677,121751550
A0532_R1.fastq.gz,2717177,407576550
A0532_R2.fastq.gz,2717177,407576550
A0533_R1.fastq.gz,2853139,427970850
A0533_R2.fastq.gz,2853139,427970850
A0534_R1.fastq.gz,2672417,400862550
A0534_R2.fastq.gz,2672417,400862550
A0535_R1.fastq.gz,2497725,374658750
A0535_R2.fastq.gz,2497725,374658750
A0536_R1.fastq.gz,2529587,379438050
A0536_R2.fastq.gz,2529587,379438050
A0537_R1.fastq.gz,3073550,461032500
A0537_R2.fastq.gz,3073550,461032500
A0538_R1.fastq.gz,2832034,424805100
A0538_R2.fastq.gz,2832034,424805100
A0539_R1.fastq.gz,2901212,435181800
A0539_R2.fastq.gz,2901212,435181800
A0540_R1.fastq.gz,2756795,413519250
A0540_R2.fastq.gz,2756795,413519250
A0541_R1.fastq.gz,2918119,437717850
A0541_R2.fastq.gz,2918119,437717850
A0542_R1.fastq.gz,2537840,380676000
A0542_R2.fastq.gz,2537840,380676000
A0543_R1.fastq.gz,2608734,391310100
A0543_R2.fastq.gz,2608734,391310100
A0544_R1.fastq.gz,2634603,395190450
A0544_R2.fastq.gz,2634603,395190450
A0545_R1.fastq.gz,3098894,464834100
A0545_R2.fastq.gz,3098894,464834100
A0546_R1.fastq.gz,2868540,430281000
A0546_R2.fastq.gz,2868540,430281000
A0547_R1.fastq.gz,2759371,413905650
A0547_R2.fastq.gz,2759371,413905650
A0548_R1.fastq.gz,2844803,426720450
A0548_R2.fastq.gz,2844803,426720450
A0549_R1.fastq.gz,3003035,450455250
A0549_R2.fastq.gz,3003035,450455250
A0550_R1.fastq.gz,2793021,418953150
A0550_R2.fastq.gz,2793021,418953150
A0551_R1.fastq.gz,2833823,425073450
A0551_R2.fastq.gz,2833823,425073450
A0552_R1.fastq.gz,2894751,434212650
A0552_R2.fastq.gz,2894751,434212650
A0553_R1.fastq.gz,3127056,469058400
A0553_R2.fastq.gz,3127056,469058400
A0554_R1.fastq.gz,2894143,434121450
A0554_R2.fastq.gz,2894143,434121450
A0555_R1.fastq.gz,2814148,422122200
A0555_R2.fastq.gz,2814148,422122200
A0556_R1.fastq.gz,2824524,423678600
A0556_R2.fastq.gz,2824524,423678600
A0557_R1.fastq.gz,3088576,463286400
A0557_R2.fastq.gz,3088576,463286400
A0558_R1.fastq.gz,2720639,408095850
A0558_R2.fastq.gz,2720639,408095850
A0559_R1.fastq.gz,2810234,421535100
A0559_R2.fastq.gz,2810234,421535100
A0560_R1.fastq.gz,2890266,433539900
A0560_R2.fastq.gz,2890266,433539900
A0561_R1.fastq.gz,2974806,446220900
A0561_R2.fastq.gz,2974806,446220900
A0562_R1.fastq.gz,2788902,418335300
A0562_R2.fastq.gz,2788902,418335300
A0563_R1.fastq.gz,2642795,396419250
A0563_R2.fastq.gz,2642795,396419250
A0564_R1.fastq.gz,2754942,413241300
A0564_R2.fastq.gz,2754942,413241300
A0565_R1.fastq.gz,2861711,429256650
A0565_R2.fastq.gz,2861711,429256650
A0566_R1.fastq.gz,2663944,399591600
A0566_R2.fastq.gz,2663944,399591600
A0567_R1.fastq.gz,2751865,412779750
A0567_R2.fastq.gz,2751865,412779750
A0568_R1.fastq.gz,2824164,423624600
A0568_R2.fastq.gz,2824164,423624600
A0569_R1.fastq.gz,3168210,475231500
A0569_R2.fastq.gz,3168210,475231500
A0570_R1.fastq.gz,2901178,435176700
A0570_R2.fastq.gz,2901178,435176700
A0571_R1.fastq.gz,2864970,429745500
A0571_R2.fastq.gz,2864970,429745500
A0572_R1.fastq.gz,2901219,435182850
A0572_R2.fastq.gz,2901219,435182850
A0573_R1.fastq.gz,3020836,453125400
A0573_R2.fastq.gz,3020836,453125400
A0574_R1.fastq.gz,2679447,401917050
A0574_R2.fastq.gz,2679447,401917050
A0575_R1.fastq.gz,2892552,433882800
A0575_R2.fastq.gz,2892552,433882800
A0576_R1.fastq.gz,2973730,446059500
A0576_R2.fastq.gz,2973730,446059500
A0577_R1.fastq.gz,5679961,851994150
A0577_R2.fastq.gz,5679961,851994150
A0578_R1.fastq.gz,6268535,940280250
A0578_R2.fastq.gz,6268535,940280250
A0579_R1.fastq.gz,5221458,783218700
A0579_R2.fastq.gz,5221458,783218700
A0580_R1.fastq.gz,6269086,940362900
A0580_R2.fastq.gz,6269086,940362900
A0581_R1.fastq.gz,5911210,886681500
A0581_R2.fastq.gz,5911210,886681500
A0582_R1.fastq.gz,5876870,881530500
A0582_R2.fastq.gz,5876870,881530500
A0583_R1.fastq.gz,6272813,940921950
A0583_R2.fastq.gz,6272813,940921950
A0584_R1.fastq.gz,5993492,899023800
A0584_R2.fastq.gz,5993492,899023800
A0585_R1.fastq.gz,5384874,807731100
A0585_R2.fastq.gz,5384874,807731100
A0586_R1.fastq.gz,5760141,864021150
A0586_R2.fastq.gz,5760141,864021150
A0587_R1.fastq.gz,5818051,872707650
A0587_R2.fastq.gz,5818051,872707650
A0588_R1.fastq.gz,6791757,1018763550
A0588_R2.fastq.gz,6791757,1018763550
A0589_R1.fastq.gz,6305588,945838200
A0589_R2.fastq.gz,6305588,945838200
A0590_R1.fastq.gz,5346079,801911850
A0590_R2.fastq.gz,5346079,801911850
A0591_R1.fastq.gz,6653559,998033850
A0591_R2.fastq.gz,6653559,998033850
A0592_R1.fastq.gz,5584314,837647100
A0592_R2.fastq.gz,5584314,837647100
A0593_R1.fastq.gz,6032921,904938150
A0593_R2.fastq.gz,6032921,904938150
A0594_R1.fastq.gz,6244878,936731700
A0594_R2.fastq.gz,6244878,936731700
A0595_R1.fastq.gz,5611361,841704150
A0595_R2.fastq.gz,5611361,841704150
A0596_R1.fastq.gz,6907117,1036067550
A0596_R2.fastq.gz,6907117,1036067550
A0597_R1.fastq.gz,6501180,975177000
A0597_R2.fastq.gz,6501180,975177000
A0598_R1.fastq.gz,5884505,882675750
A0598_R2.fastq.gz,5884505,882675750
A0599_R1.fastq.gz,6801453,1020217950
A0599_R2.fastq.gz,6801453,1020217950
A0600_R1.fastq.gz,6477606,971640900
A0600_R2.fastq.gz,6477606,971640900
A0601_R1.fastq.gz,5561512,834226800
A0601_R2.fastq.gz,5561512,834226800
A0602_R1.fastq.gz,6124994,918749100
A0602_R2.fastq.gz,6124994,918749100
A0603_R1.fastq.gz,5653510,848026500
A0603_R2.fastq.gz,5653510,848026500
A0604_R1.fastq.gz,6562268,984340200
A0604_R2.fastq.gz,6562268,984340200
A0605_R1.fastq.gz,5930427,889564050
A0605_R2.fastq.gz,5930427,889564050
A0606_R1.fastq.gz,5826254,873938100
A0606_R2.fastq.gz,5826254,873938100
A0607_R1.fastq.gz,6364495,954674250
A0607_R2.fastq.gz,6364495,954674250
A0608_R1.fastq.gz,5886147,882922050
A0608_R2.fastq.gz,5886147,882922050
A0609_R1.fastq.gz,5492074,823811100
A0609_R2.fastq.gz,5492074,823811100
A0610_R1.fastq.gz,5905195,885779250
A0610_R2.fastq.gz,5905195,885779250
A0611_R1.fastq.gz,5817874,872681100
A0611_R2.fastq.gz,5817874,872681100
A0612_R1.fastq.gz,6751596,1012739400
A0612_R2.fastq.gz,6751596,1012739400
A0613_R1.fastq.gz,6013260,901989000
A0613_R2.fastq.gz,6013260,901989000
A0614_R1.fastq.gz,6037252,905587800
A0614_R2.fastq.gz,6037252,905587800
A0615_R1.fastq.gz,6414584,962187600
A0615_R2.fastq.gz,6414584,962187600
A0616_R1.fastq.gz,6058844,908826600
A0616_R2.fastq.gz,6058844,908826600
A0617_R1.fastq.gz,5941048,891157200
A0617_R2.fastq.gz,5941048,891157200
A0618_R1.fastq.gz,6003602,900540300
A0618_R2.fastq.gz,6003602,900540300
A0619_R1.fastq.gz,5691977,853796550
A0619_R2.fastq.gz,5691977,853796550
A0620_R1.fastq.gz,6734775,1010216250
A0620_R2.fastq.gz,6734775,1010216250
A0621_R1.fastq.gz,5914647,887197050
A0621_R2.fastq.gz,5914647,887197050
A0622_R1.fastq.gz,5982482,897372300
A0622_R2.fastq.gz,5982482,897372300
A0623_R1.fastq.gz,6128212,919231800
A0623_R2.fastq.gz,6128212,919231800
A0624_R1.fastq.gz,5776957,866543550
A0624_R2.fastq.gz,5776957,866543550
A0625_R1.fastq.gz,5692132,853819800
A0625_R2.fastq.gz,5692132,853819800
A0626_R1.fastq.gz,6112255,916838250
A0626_R2.fastq.gz,6112255,916838250
A0627_R1.fastq.gz,6341695,951254250
A0627_R2.fastq.gz,6341695,951254250
A0628_R1.fastq.gz,5984603,897690450
A0628_R2.fastq.gz,5984603,897690450
A0629_R1.fastq.gz,5812489,871873350
A0629_R2.fastq.gz,5812489,871873350
A0630_R1.fastq.gz,5850702,877605300
A0630_R2.fastq.gz,5850702,877605300
A0631_R1.fastq.gz,5694255,854138250
A0631_R2.fastq.gz,5694255,854138250
A0632_R1.fastq.gz,5567753,835162950
A0632_R2.fastq.gz,5567753,835162950
A0633_R1.fastq.gz,5447456,817118400
A0633_R2.fastq.gz,5447456,817118400
A0634_R1.fastq.gz,5302435,795365250
A0634_R2.fastq.gz,5302435,795365250
A0635_R1.fastq.gz,7829660,1174449000
A0635_R2.fastq.gz,7829660,1174449000
A0636_R1.fastq.gz,7421796,1113269400
A0636_R2.fastq.gz,7421796,1113269400
A0637_R1.fastq.gz,7601888,1140283200
A0637_R2.fastq.gz,7601888,1140283200
A0638_R1.fastq.gz,7569372,1135405800
A0638_R2.fastq.gz,7569372,1135405800
A0639_R1.fastq.gz,7308129,1096219350
A0639_R2.fastq.gz,7308129,1096219350
A0640_R1.fastq.gz,7321833,1098274950
A0640_R2.fastq.gz,7321833,1098274950
A0641_R1.fastq.gz,6487527,973129050
A0641_R2.fastq.gz,6487527,973129050
A0642_R1.fastq.gz,6615171,992275650
A0642_R2.fastq.gz,6615171,992275650
A0643_R1.fastq.gz,6781789,1017268350
A0643_R2.fastq.gz,6781789,1017268350
A0644_R1.fastq.gz,6734164,1010124600
A0644_R2.fastq.gz,6734164,1010124600
A0645_R1.fastq.gz,6740037,1011005550
A0645_R2.fastq.gz,6740037,1011005550
A0646_R1.fastq.gz,6747322,1012098300
A0646_R2.fastq.gz,6747322,1012098300
